TATA,11:05:39,06/03/2024
TATA,11:05:39,06/03/2024
TATA,11:05:40,06/03/2024
TATA,11:05:40,06/03/2024
TATA,11:05:40,06/03/2024
TATA,11:05:41,06/03/2024
TATA,11:05:41,06/03/2024
TATA,11:05:41,06/03/2024
TATA,11:05:41,06/03/2024
TATA,11:05:42,06/03/2024
TATA,11:05:42,06/03/2024
TATA,11:05:42,06/03/2024
TATA,11:05:43,06/03/2024
TATA,11:05:43,06/03/2024
TATA,11:05:43,06/03/2024
TATA,11:05:43,06/03/2024
TESLA,11:05:47,06/03/2024
TESLA,11:05:47,06/03/2024
TESLA,11:05:48,06/03/2024
TESLA,11:05:48,06/03/2024
TESLA,11:05:48,06/03/2024
TESLA,11:05:48,06/03/2024
TESLA,11:05:49,06/03/2024
TESLA,11:05:49,06/03/2024
JOBS,11:05:53,06/03/2024
JOBS,11:05:54,06/03/2024
JOBS,11:05:54,06/03/2024
JOBS,11:05:55,06/03/2024
JOBS,11:05:55,06/03/2024
JOBS,11:05:55,06/03/2024
TESLA,11:09:25,06/03/2024
TATA,06:46:42,07/03/2024
TATA,06:46:42,07/03/2024
TATA,06:46:42,07/03/2024
TATA,06:46:43,07/03/2024
TATA,06:46:43,07/03/2024
TATA,06:46:44,07/03/2024
TATA,06:46:44,07/03/2024
TATA,06:46:45,07/03/2024
TATA,06:46:45,07/03/2024
TATA,06:46:45,07/03/2024
TATA,06:46:45,07/03/2024
TATA,06:46:46,07/03/2024
TATA,06:46:46,07/03/2024
TATA,06:46:46,07/03/2024
TESLA,06:46:50,07/03/2024
TESLA,06:46:50,07/03/2024
TESLA,06:46:51,07/03/2024
TESLA,06:46:51,07/03/2024
TESLA,06:46:51,07/03/2024
TESLA,06:46:52,07/03/2024
TESLA,06:46:52,07/03/2024
TESLA,06:46:52,07/03/2024
TESLA,06:46:53,07/03/2024
TESLA,06:46:53,07/03/2024
TESLA,06:46:53,07/03/2024
TESLA,06:46:53,07/03/2024
TESLA,06:46:54,07/03/2024
TESLA,06:46:54,07/03/2024
JOBS,06:46:56,07/03/2024
JOBS,06:46:57,07/03/2024
JOBS,06:46:57,07/03/2024
JOBS,06:46:57,07/03/2024
JOBS,06:46:58,07/03/2024
JOBS,06:46:58,07/03/2024
JOBS,06:46:58,07/03/2024
JOBS,06:46:59,07/03/2024
JOBS,06:46:59,07/03/2024
JOBS,06:46:59,07/03/2024
JOBS,06:46:59,07/03/2024
TESLA,06:53:23,07/03/2024
TESLA,06:53:23,07/03/2024
TESLA,06:53:24,07/03/2024
TESLA,06:53:24,07/03/2024
TESLA,06:53:24,07/03/2024
TESLA,06:53:24,07/03/2024
TESLA,06:53:25,07/03/2024
TATA,06:53:28,07/03/2024
TATA,06:53:29,07/03/2024
TATA,06:53:29,07/03/2024
TATA,06:53:29,07/03/2024
TATA,06:53:30,07/03/2024
TATA,06:53:30,07/03/2024
JOBS,06:53:32,07/03/2024
JOBS,06:53:32,07/03/2024
JOBS,06:53:34,07/03/2024
JOBS,06:53:34,07/03/2024
JOBS,06:53:34,07/03/2024
JOBS,06:53:35,07/03/2024
JOBS,06:53:35,07/03/2024
